id,"name"
1,"Brooke Tessmacher"
2,"Portia Perez"
3,"Chuck Taylor"
4,"Curt Hawkins"
5,"Darren Young"
6,"Jessie Godderz"
7,"Magnus"
8,"Shayne Hawke"
9,"Zack Ryder"
10,"Yujiro Kushida"
11,"Epico"
12,"Último Guerrero"
13,"Gran Guerrero"
14,"Kenny Kaos"
15,"Nick Gage"
16,"Shuhei Taniguchi"
17,"Vito DeNucci"
18,"Daniel Hollie"
19,"Dawn Marie Psaltis"
20,"Eddie Guerrero"
21,"John Layfield"
22,"Torrie Wilson"
23,"Scott Hall"
24,"Curt Hennig"
25,"Nick Dinsmore"
26,"Bobby Eaton"
27,"Jimmy Reiher, Jr."
28,"Joey Mercury"
29,"Masahiro Chono"
30,"Mike Mondo"
31,"Mike Polchlopek"
32,"New Jack"
33,"Primo"
34,"Psicosis"
35,"Teddy Hart"
36,"The Blue Meanie"
37,"Thrasher"
38,"Hernandez"
39,"André the Giant"
40,"Cien Caras, Jr."
41,"Taiy? Kea"
42,"Dynamite Kid"
43,"Rick Rude"
44,"Naruki Doi"
45,"Oficial Spartan"
46,"Rob Terry"
47,"Norvell Austin"
48,"Jim Steele"
49,"Justin Gabriel"
50,"Chris Nelson"
51,"Kazushige Nosawa"
52,"Koji Kanemoto"
53,"Nikolai Volkoff"
54,"Oficial 911"
55,"Art Barr"
56,"Don Kent"
57,"Jeff Hardy"
58,"Ray Gordy"
59,"Argenis"
60,"Psycho Clown"
61,"Road Dogg"
62,"Trauma I"
63,"The Great Khali"
64,"Big Show"
65,"Crazzy Steve"
66,"Eric Young"
67,"Luc Poirier"
68,"Minoru Fujita"
69,"Oficial AK-47"
70,"Tarzan Goto"
71,"2 Cold Scorpio"
72,"Brian Adams"
73,"Great Kabuki"
74,"Hooligan"
75,"John Hill"
76,"Kazuchika Okada"
77,"Masakazu Fukuda"
78,"Mr. Niebla"
79,"Ricky Reyes"
80,"Dean Ambrose"
81,"Jack Swagger"
82,"Jose Estrada, Jr."
83,"Noriyo Tateno"
84,"Mo"
85,"Oficial Factor"
86,"Pentagón Jr."
87,"Roman Reigns"
88,"Terry Gordy"
89,"Travis Tomko"
90,"Dennis Condrey"
91,"Jillian Hall"
92,"Junji Hirata"
93,"Manabu Murakami"
94,"Manabu Nakanishi"
95,"Nick Kiniski"
96,"Philip Lafond"
97,"Rhett Titus"
98,"Tetsuya Naito"
99,"Titus O'Neil"
100,"Toru Yano"
101,"Jim Brunzell"
102,"Dino Bravo"
103,"Bunkhouse Buck"
104,"Genichiro Tenryu"
105,"Sean Royal"
106,"The Patriot"
107,"Dennis Knight"
108,"Joey Abs"
109,"Pete Gas"
110,"Teijo Khan"
111,"The Warlord"
112,"Firebreaker Chip"
113,"Gran Hamada"
114,"J.C. Ice"
115,"Mike Enos"
116,"Mustafa Saed"
117,"Wayne Bloom"
118,"Oficial Rayan"
119,"Swoll"
120,"Monster Clown"
121,"The Commandant"
122,"Togi Makabe"
123,"El Satánico"
124,"Máscara Año 2000"
125,"Bruno Bekkar"
126,"Samoa Joe"
127,"Rocky Romero"
128,"T.J. Perkins"
129,"Bobby Fish"
130,"Lloyd Anoa?i"
131,"Robbie Rage"
132,"Alicia Webb"
133,"Chris Candido"
134,"Lance Hoyt"
135,"Mike Awesome"
136,"Randy Savage"
137,"Sable"
138,"Davey Richards"
139,"Espíritu"
140,"Gamma"
141,"La Mascara"
142,"Wataru Inoue"
143,"Yasushi Kanda"
144,"Akitoshi Saito"
145,"Escoria"
146,"Hiroyoshi Tenzan"
147,"Kazunari Murakami"
148,"Mascarita Dorada"
149,"Mini Abismo Negro"
150,"Negro Casas"
151,"Ted DiBiase, Jr."
152,"Gillberg"
153,"Akira Taue"
154,"Donovan Morgan"
155,"Dark Ozz"
156,"Big Tilly"
157,"El Signo"
158,"Lumberjack Pierre"
159,"Gedo"
160,"Menso-re Oyaji"
161,"Steve Armstrong"
162,"\"Dr. Death\" Steve Williams"
163,"Men's Teioh"
164,"Tracy Smothers"
165,"Virgil"
166,"Xavier Woods"
167,"Yoshinobu Kanemaru"
168,"Alex Wright"
169,"Bray Wyatt"
170,"Giant Silva"
171,"Nitro"
172,"Steve Keirn"
173,"William Regal"
174,"Nick Mitchell"
175,"Shiro Koshinaka"
176,"Brian Lee"
177,"Charles Wright"
178,"Homicide"
179,"Johnny Jeter"
180,"Judy Martin"
181,"Kofi Kingston"
182,"Konnan"
183,"Lance Cade"
184,"Larry Zbyszko"
185,"Leilani Kai"
186,"Luke Harper"
187,"Luna Vachon"
188,"The Barbarian"
189,"Marty Jannetty"
190,"Ahmed Johnson"
191,"Dave Taylor"
192,"Hisakatsu Oya"
193,"Lizmark, Jr."
194,"Mini Psicosis"
195,"Nobuo Yoshihashi"
196,"Bárbaro Cavernario"
197,"Heath Slater"
198,"Johnny Valiant"
199,"David Young"
200,"Doug Basham"
201,"Matt Hardy"
202,"The Undertaker"
203,"Barry Buchanan"
204,"Chyna"
205,"D'Lo Brown"
206,"Davey Boy Smith"
207,"Goldust"
208,"Rosey"
209,"Test"
210,"Yokozuna"
211,"Kevin Thorn"
212,"Mark LoMonaco"
213,"Johnny Kashmere"
214,"Jado"
215,"Karl Anderson"
216,"Larry Sweeney"
217,"Sexy Star"
218,"Chase Tatum"
219,"Porkchop Cash"
220,"Sam Fatu"
221,"Scott Irwin"
222,"Ruckus"
223,"JTG"
224,"Ken Timbs"
225,"Nicole Matthews"
226,"Tyson Kidd"
227,"Psicosis II"
228,"Brad Armstrong"
229,"Laredo Kid"
230,"Jimmy Rave"
231,"Joe Líder"
232,"Ricky Fuji"
233,"Dark Cuervo"
234,"Doug Furnas"
235,"Pegasso"
236,"Shinsuke Nakamura"
237,"Takashi Iizuka"
238,"Tonga Fifita"
239,"Tony Anthony"
240,"Owen Hart"
241,"El Felino"
242,"El Hijo de Rey Misterio"
243,"Candice LeRae"
244,"Mikey Nicholls"
245,"Chase Stevens"
246,"Mr. Águila"
247,"Ophidian"
248,"Paul Orndorff"
249,"Tommy Lane"
250,"Hikaru Sato"
251,"Jerry Sags"
252,"Justin Credible"
253,"Rick Fuller"
254,"Shelly Martinez"
255,"Super Fly"
256,"Yutaka Yoshie"
257,"Road Warrior Hawk"
258,"Rodney"
259,"Booker T"
260,"Cien Caras"
261,"Big Boss Man"
262,"Big Van Vader"
263,"Black Cat"
264,"Brad Anderson"
265,"Chavo Guerrero, Jr."
266,"Cima"
267,"Corporal Kirchner"
268,"Crash Holly"
269,"Dan Spivey"
270,"Devon Hughes"
271,"Joe Doering"
272,"Eddie Edwards"
273,"Kohei Suwama"
274,"Kurt Angle"
275,"Gran Akuma"
276,"Gunner"
277,"Ian Rotten"
278,"Raziel"
279,"Roderick Strong"
280,"Jimmy Valiant"
281,"Katarina Waters"
282,"Katsuyori Shibata"
283,"Kenny Dykstra"
284,"Kenny King"
285,"Tim Horner"
286,"Toshiaki Kawada"
287,"Tully Blanchard"
288,"Matt Striker"
289,"Michelle McCool"
290,"Minoru Tanaka"
291,"Rick Victor"
292,"Sarah Stock"
293,"Scotty 2 Hotty"
294,"Scotty Riggs"
295,"Seth Rollins"
296,"Wolfie D"
297,"Yoshinari Ogawa"
298,"Otto Schwanz"
299,"Buddy Roberts"
300,"Daniel Bryan"
301,"Dave Finlay"
302,"Dutch Mantel"
303,"Jesse Neal"
304,"Fred Ottman"
305,"Umaga"
306,"Jeff Jarrett"
307,"Tomohiro Ishii"
308,"Mark Henry"
309,"Viscera"
310,"Jon Hugger"
311,"Low Ki"
312,"Mark Jindrak"
313,"Paul London"
314,"Perry Saturn"
315,"Rikishi"
316,"Shannon Moore"
317,"Super Crazy"
318,"Mike Davis"
319,"MsChif"
320,"Tank Abbott"
321,"Scott Norton"
322,"Tatsutoshi Goto"
323,"Reno Riggins"
324,"El Texano"
325,"Rick Michaels"
326,"Vladimir Petrov"
327,"Troy Graham"
328,"Aero Star"
329,"Ephesto"
330,"El Ángel"
331,"Los Luchas"
332,"Niebla Roja"
333,"Hijo de Máscara Año 2000"
334,"Erick Rowan"
335,"Beth Phoenix"
336,"Buff Bagwell"
337,"Christian"
338,"Crowbar"
339,"Don Callis"
340,"Germán Figueroa"
341,"Jeff Farmer"
342,"Matt Bloom"
343,"ODB"
344,"Alex Shelley"
345,"Chris Jericho"
346,"Jim Neidhart"
347,"Mosh"
348,"Abraham Washington"
349,"Abyss"
350,"Al Snow"
351,"Barry Windham"
352,"Chris Champion"
353,"Dean Malenko"
354,"Drago"
355,"Edge"
356,"El Generico"
357,"Hardcore Holly"
358,"Hulk Hogan"
359,"Icarus"
360,"Kendall Windham"
361,"Kenzo Suzuki"
362,"Killer Kowalski"
363,"Lodi"
364,"Minoru Suzuki"
365,"Oro"
366,"Paul Roma"
367,"Road Warrior Animal"
368,"Rush"
369,"Shelton Benjamin"
370,"Thea Trinidad"
371,"Brian Christopher"
372,"Hornswoggle"
373,"Bam Bam Bigelow"
374,"Butch Miller"
375,"Chris Benoit"
376,"Horace Hogan"
377,"Koko B. Ware"
378,"Kyle O'Reilly"
379,"Makoto Sait?"
380,"Mephisto"
381,"Michael Hayes"
382,"Mikey Whipwreck"
383,"Randy Orton"
384,"Rhino"
385,"Rich Swann"
386,"Sabu"
387,"Brian Kendrick"
388,"Chris Harris"
389,"Jimmy Garvin"
390,"Lacey"
391,"Lacey Von Erich"
392,"Mike Rotunda"
393,"Ares"
394,"Arn Anderson"
395,"Billy Kidman"
396,"Gregory Helms"
397,"Chessman"
398,"Cliff Compton"
399,"Dick Togo"
400,"Dusty Rhodes"
401,"Ezekiel Jackson"
402,"Hercules"
403,"Jacqueline Moore"
404,"Jamie Noble"
405,"John Tenta"
406,"Kaz Hayashi"
407,"Kazuhiko Masada"
408,"Kensuke Sasaki"
409,"Big E Langston"
410,"Big John Studd"
411,"Bonnie Maxon"
412,"Cameron"
413,"Charlie Haas"
414,"Dave Bautista"
415,"Samula Anoa?i"
416,"Samuray del Sol"
417,"Superstar Billy Graham"
418,"Taka Michinoku"
419,"The Harris Brothers"
420,"Tommy Rich"
421,"Velvet Sky"
422,"Gangrel"
423,"Hajime Ohara"
424,"John Morrison"
425,"Juventud Guerrera"
426,"Kazarian"
427,"Manny Fernandez"
428,"Michiyoshi Ohara"
429,"Mr. Pogo"
430,"Russ Haas"
431,"Sara Del Rey"
432,"Shoichi Funaki"
433,"Sika Anoa'i"
434,"Silver King"
435,"Tommy Rogers"
436,"Tony DeVito"
437,"Pez Whatley"
438,"Roy Heffernan"
439,"Takayasu Fukuda"
440,"Abdullah the Butcher"
441,"Antonio Cesaro"
442,"Disco Inferno"
443,"Kevin Sullivan"
444,"Perro Aguayo, Jr."
445,"Savio Vega"
446,"Tony Rumble"
447,"Blackjack Lanza"
448,"Bobby Fulton"
449,"Brutus Beefcake"
450,"Damien Sandow"
451,"Gory Guerrero"
452,"Jack Evans"
453,"Mitsunobu Kikuzawa"
454,"Seiya Sanada"
455,"Prince Devitt"
456,"Rey Cometa"
457,"Shigeo Okumura"
458,"Takeshi Morishima"
459,"Boris Zhukov"
460,"Mantaur"
461,"Terry Taylor"
462,"Jesús Castillo, Jr."
463,"Takeshi Minamino"
464,"Hiro Saito"
465,"Chad Fortune"
466,"Randy Rose"
467,"Miguel Pérez, Jr."
468,"Steve Mack"
469,"Don Fujii"
470,"Keni'chiro Arai"
471,"Magnitude Kishiwada"
472,"Yujiro Takahashi"
473,"Al Costello"
474,"Ryusuke Taguchi"
475,"Matt Barela"
476,"Kenichi Sakai"
477,"Marty Garner"
478,"Christy Hemme"
479,"Chuck Palumbo"
480,"Debrah Miceli"
481,"Diamond Dallas Page"
482,"Keiji Mutoh"
483,"Nikita Koloff"
484,"Orlando Jordan"
485,"Rick Steiner"
486,"Stevie Richards"
487,"A.J. Styles"
488,"Afa Anoa?i"
489,"Antonio Thomas"
490,"Austin Aries"
491,"Axl Rotten"
492,"B. Brian Blair"
493,"Baron von Raschke"
494,"CM Punk"
495,"Candice Michelle"
496,"Carl Ouellet"
497,"Chris Kanyon"
498,"Chris Sabin"
499,"Christopher Daniels"
500,"Colt Cabana"
501,"Daffney"
502,"David Hart Smith"
503,"Delirious"
504,"Elijah Burke"
505,"Héctor Guerrero"
506,"J.J. Dillon"
507,"James Storm"
508,"John Eleuthère du Pont"
509,"John Zandig"
510,"Johnny Devine"
511,"Johnny Swinger"
512,"Jun Akiyama"
513,"Lenny Lane"
514,"Luke Williams"
515,"Matt Bentley"
516,"Melina Perez"
517,"Natalya"
518,"Rick Martel"
519,"Ricky Morton"
520,"Robert Gibson"
521,"Romeo Roselli"
522,"Ron Simmons"
523,"Shaggy 2 Dope"
524,"Sharmell Sullivan-Huffman"
525,"Shawn Daivari"
526,"Steve Corino"
527,"Tito Santana"
528,"Tom Zenk"
529,"Traci Brooks"
530,"Vampiro"
531,"Violent J"
532,"Maryse Ouellet"
533,"Miss Elizabeth"
534,"Masada"
535,"Serena Deeb"
536,"Mitsuhide Hirasawa"
537,"Naomi"
538,"Hunico"
539,"Necro Butcher"
540,"Trauma II"
541,"Dukes Dalton"
542,"Mari Apache"
543,"Dan Severn"
544,"Layla El"
545,"Raymond Rougeau"
546,"Simon Diamond"
547,"HC Loc"
548,"Jay Lethal"
549,"Shingo Takagi"
550,"Bruno Sassi"
551,"Chris Hero"
552,"Dolph Ziggler"
553,"Jody Hamilton"
554,"Kevin Steen"
555,"Satoshi Kojima"
556,"Shinya Hashimoto"
557,"Veronica Stevens"
558,"Yoshihiro Takayama"
559,"Akio Sato"
560,"Angelina Love"
561,"Sean Waltman"
562,"George Steele"
563,"Negro Navarro"
564,"Paul Diamond"
565,"Genki Horiguchi"
566,"BxB Hulk"
567,"Doug Stahl"
568,"Yamato"
569,"Carly Colón"
570,"Vito LoGrasso"
571,"Monty Brown"
572,"Kento Miyahara"
573,"The Brahman Brothers"
574,"Yuji Nagata"
575,"Adam Page"
576,"Hiromu Takahashi"
577,"Allison Danger"
578,"Evan Karagias"
579,"La Sombra"
580,"Nevaeh"
581,"Universo 2000"
582,"Euforia"
583,"Andy Douglas"
584,"Bill Eadie"
585,"Bobby Roode"
586,"Brian Knobbs"
587,"Christian York"
588,"Danny Doring"
589,"Jason Knight"
590,"Jinsei Shinzaki"
591,"Go Shiozaki"
592,"Ace Steel"
593,"B.J. Whitmer"
594,"Dan Maff"
595,"Jimmy Jacobs"
596,"Pat Tanaka"
597,"Magnum Tokyo"
598,"Drew Hankinson"
599,"Jim Powers"
600,"Mitsuya Nagai"
601,"Barry Darsow"
602,"Billy Gunn"
603,"Chavo Guerrero, Sr."
604,"Doug Williams"
605,"Dwayne Johnson"
606,"Greg Valentine"
607,"Ivan Koloff"
608,"Jacques Rougeau"
609,"Kevin Nash"
610,"Lance Storm"
611,"Lisa Marie Varon"
612,"Lita"
613,"Mick Foley"
614,"Molly Holly"
615,"René Duprée"
616,"Rey Mysterio"
617,"Ric Flair"
618,"Rob Conway"
619,"Rob Van Dam"
620,"Scott Steiner"
621,"Shane Douglas"
622,"Shawn Michaels"
623,"Sting"
624,"Stone Cold Steve Austin"
625,"Sylvain Grenier"
626,"Ted DiBiase"
627,"The Honky Tonk Man"
628,"The Ultimate Warrior"
629,"Triple H"
630,"Yoshihiro Tajiri"
631,"Petey Williams"
632,"Roadkill"
633,"Ole Anderson"
634,"Louie Spicolli"
635,"Butch Reed"
636,"Hiromichi Fuyuki"
637,"Kantaro Hoshino"
638,"Misterioso, Jr."
639,"Olímpico"
640,"Wade Barrett"
641,"Ace Darling"
642,"Koki Kitahara"
643,"Zema Ion"
644,"Arik Cannon"
645,"Curtis Hughes"
646,"Kane"
647,"Lex Luger"
648,"Max Boyer"
649,"Rip Rogers"
650,"The Miz"
651,"Kengo Kimura"
652,"Robert Fuller"
653,"Rocco Rock"
654,"Tammy Lynn Sytch"
655,"Shane Haste"
656,"Chris Raaber"
657,"Joey Ryan"
658,"Kuniaki Kobayashi"
659,"Jack Victory"
660,"Nate Hatred"
661,"John Hindley"
662,"Kotaro Suzuki"
663,"Paul Ellering"
664,"Ricky Vega"
665,"Shawn Stasiak"
666,"Shinjiro Otani"
667,"Virus"
668,"Atsushi Aoki"
669,"Bryan Clark"
670,"Jetta"
671,"Robert Maillet"
672,"Alex Koslov"
673,"Cancerbero"
674,"Cody Rhodes"
675,"Akira Raijin"
676,"Bobby Duncum, Jr."
677,"Lars Anderson"
678,"Ron Killings"
679,"Ashura Hara"
680,"Mini Histeria"
681,"Tomoaki Honma"
682,"Takao ?mori"
683,"Henry O. Godwinn"
684,"Evan Bourne"
685,"Steve Doll"
686,"Trevor Murdoch"
687,"Sangre Azteca"
688,"Trent Acid"
689,"Xavier"
690,"Cherry"
691,"Knuckles Nelson"
692,"Madison Rayne"
693,"Skándalo"
694,"Akira Nogami"
695,"Octagón"
696,"Cyber Kong"
697,"Hirooki Goto"
698,"Milano Collection A.T."
699,"Oficial Fierro"
700,"Takeshi Sato"
701,"Erich Sbraccia"
702,"Blackjack Mulligan"
703,"Gene Anderson"
704,"Mando Guerrero"
705,"Stan Lane"
706,"Stevie Ray"
707,"Kenou"
